{"indexes":[{"v":{"$numberInt":"2"},"key":{"_id":{"$numberInt":"1"}},"name":"_id_"},{"v":{"$numberInt":"2"},"key":{"slug":{"$numberInt":"1"}},"name":"slug_1","background":true,"unique":true},{"v":{"$numberInt":"2"},"key":{"_fts":"text","_ftsx":{"$numberInt":"1"}},"name":"title_text_content_text_excerpt_text_tags_text","background":true,"weights":{"content":{"$numberInt":"1"},"excerpt":{"$numberInt":"1"},"tags":{"$numberInt":"1"},"title":{"$numberInt":"1"}},"default_language":"english","language_override":"language","textIndexVersion":{"$numberInt":"3"}}],"uuid":"eeb472d74c294342b525d622c2dd90d0","collectionName":"blogs","type":"collection"}