{"indexes":[{"v":{"$numberInt":"2"},"key":{"_id":{"$numberInt":"1"}},"name":"_id_"},{"v":{"$numberInt":"2"},"key":{"userId":{"$numberInt":"1"}},"name":"userId_1","background":true},{"v":{"$numberInt":"2"},"key":{"timestamp":{"$numberInt":"-1"}},"name":"timestamp_-1","background":true},{"v":{"$numberInt":"2"},"key":{"timestamp":{"$numberInt":"1"}},"name":"timestamp_1","background":true,"expireAfterSeconds":{"$numberInt":"604800"}}],"uuid":"94b6d90457b14250ace694a55a75caa7","collectionName":"loginhistories","type":"collection"}