{"indexes":[{"v":{"$numberInt":"2"},"key":{"_id":{"$numberInt":"1"}},"name":"_id_"},{"v":{"$numberInt":"2"},"key":{"student":{"$numberInt":"1"},"course":{"$numberInt":"1"}},"name":"student_1_course_1","background":true},{"v":{"$numberInt":"2"},"key":{"course":{"$numberInt":"1"},"status":{"$numberInt":"1"}},"name":"course_1_status_1","background":true},{"v":{"$numberInt":"2"},"key":{"student":{"$numberInt":"1"},"status":{"$numberInt":"1"}},"name":"student_1_status_1","background":true}],"uuid":"62c3360f57b14823969b689504b46530","collectionName":"payments","type":"collection"}