{"indexes":[{"v":{"$numberInt":"2"},"key":{"_id":{"$numberInt":"1"}},"name":"_id_"},{"v":{"$numberInt":"2"},"key":{"paypalOrderId":{"$numberInt":"1"}},"name":"paypalOrderId_1","background":true,"unique":true},{"v":{"$numberInt":"2"},"key":{"student":{"$numberInt":"1"},"course":{"$numberInt":"1"}},"name":"student_1_course_1","background":true},{"v":{"$numberInt":"2"},"key":{"status":{"$numberInt":"1"}},"name":"status_1","background":true},{"v":{"$numberInt":"2"},"key":{"createdAt":{"$numberInt":"-1"}},"name":"createdAt_-1","background":true}],"uuid":"1c0fa59b51bd49c7aeee732e0a5c7b90","collectionName":"paypalorders","type":"collection"}