{"indexes":[{"v":{"$numberInt":"2"},"key":{"_id":{"$numberInt":"1"}},"name":"_id_"},{"v":{"$numberInt":"2"},"key":{"student":{"$numberInt":"1"}},"name":"student_1","background":true},{"v":{"$numberInt":"2"},"key":{"quiz":{"$numberInt":"1"}},"name":"quiz_1","background":true},{"v":{"$numberInt":"2"},"key":{"course":{"$numberInt":"1"}},"name":"course_1","background":true},{"v":{"$numberInt":"2"},"key":{"student":{"$numberInt":"1"},"quiz":{"$numberInt":"1"},"attemptNumber":{"$numberInt":"1"}},"name":"student_1_quiz_1_attemptNumber_1","background":true}],"uuid":"ee53531b2d324deaaeced02fae2a1d38","collectionName":"quizattempts","type":"collection"}