{"indexes":[{"v":{"$numberInt":"2"},"key":{"_id":{"$numberInt":"1"}},"name":"_id_"},{"v":{"$numberInt":"2"},"key":{"voucher":{"$numberInt":"1"},"student":{"$numberInt":"1"}},"name":"voucher_1_student_1","background":true},{"v":{"$numberInt":"2"},"key":{"student":{"$numberInt":"1"}},"name":"student_1","background":true},{"v":{"$numberInt":"2"},"key":{"voucher":{"$numberInt":"1"}},"name":"voucher_1","background":true},{"v":{"$numberInt":"2"},"key":{"course":{"$numberInt":"1"}},"name":"course_1","background":true},{"v":{"$numberInt":"2"},"key":{"enrollment":{"$numberInt":"1"}},"name":"enrollment_1","background":true}],"uuid":"c579e43f1d27400585e771671805989f","collectionName":"voucherusages","type":"collection"}