{"indexes":[{"v":{"$numberInt":"2"},"key":{"_id":{"$numberInt":"1"}},"name":"_id_"},{"v":{"$numberInt":"2"},"key":{"code":{"$numberInt":"1"}},"name":"code_1","background":true,"unique":true},{"v":{"$numberInt":"2"},"key":{"isActive":{"$numberInt":"1"},"validFrom":{"$numberInt":"1"},"validUntil":{"$numberInt":"1"}},"name":"isActive_1_validFrom_1_validUntil_1","background":true},{"v":{"$numberInt":"2"},"key":{"applicableCourses":{"$numberInt":"1"}},"name":"applicableCourses_1","background":true}],"uuid":"cde5860128ce4817893deac63cae22b0","collectionName":"vouchers","type":"collection"}